"_Vind,_kias","_Vind,_keas","Vtrue,_ktas","Vtrue,_ktgs","_Vind,__mph","Vtrue,mphas","Vtrue,mphgs","____X,____m","____Y,____m","____Z,____m","___vX,__m/s","___vY,__m/s","___vZ,__m/s","_dist,___ft","_dist,___nm",A,B,C
-0.00884,12.11632,12.17314,0.89706,-0.01017,14.00861,1.03434,-23098.69141,51.08412,7553.08838,-0.01492,0.45299,0.09156,0.00935,0.00000,0.00000,14.90631,14.90631
-0.04936,12.01435,12.07071,0.84941,-0.05681,13.89073,0.97927,-23098.69336,51.10596,7553.09473,-0.04275,0.41369,0.13669,0.03075,0.00001,0.00000,14.90631,14.90631
-1.36115,12.24169,12.29915,0.18675,-1.56638,14.15361,0.21491,-23098.77930,51.14618,7553.13574,-0.09444,0.01239,-0.01253,0.37709,0.00006,0.00000,14.90631,14.90631
-2.37118,12.31020,12.36797,0.14487,-2.72870,14.23281,0.16673,-23098.76758,51.14477,7553.13232,0.07389,-0.00924,-0.00328,0.46297,0.00008,0.00000,14.90512,14.90631
-3.13428,12.25025,12.30775,0.05312,-3.60687,14.16350,0.06114,-23098.75586,51.14338,7553.13184,-0.02705,0.00361,0.00149,0.52764,0.00009,0.00000,14.90512,14.90631
-3.38065,12.26904,12.32663,0.00684,-3.89039,14.18523,0.00787,-23098.76563,51.14450,7553.13232,0.00348,-0.00047,-0.00008,0.55572,0.00009,0.00000,14.90393,14.90631
-3.45543,12.27080,12.32839,0.00956,-3.97643,14.18725,0.01101,-23098.76172,51.14419,7553.13232,0.00483,-0.00074,-0.00057,0.56272,0.00009,0.00000,14.90393,14.90631
-3.51580,12.26438,12.32194,0.00977,-4.04591,14.17984,0.01125,-23098.76367,51.14431,7553.13232,-0.00498,0.00061,0.00033,0.57005,0.00009,0.00000,14.90274,14.90631
-3.52813,12.26734,12.32491,0.00073,-4.06010,14.18325,0.00084,-23098.76563,51.14441,7553.13232,-0.00036,-0.00010,0.00006,0.57437,0.00009,0.00000,14.90155,14.90631
-3.55128,12.26682,12.32439,0.00245,-4.08674,14.18266,0.00282,-23098.76563,51.14450,7553.13232,-0.00124,0.00015,0.00013,0.57782,0.00010,0.00000,14.90037,14.90631
-3.56248,12.26749,12.32507,0.00053,-4.09963,14.18343,0.00061,-23098.76758,51.14455,7553.13232,-0.00026,0.00006,0.00005,0.57969,0.00010,0.00000,14.89918,14.90631
-3.57176,12.26767,12.32525,0.00021,-4.11030,14.18364,0.00024,-23098.76758,51.14458,7553.13232,-0.00010,-0.00002,0.00001,0.58089,0.00010,0.00000,14.89800,14.90631
-3.54309,12.23945,12.29689,0.09791,-4.07731,14.15101,0.11268,-23098.78320,51.14551,7553.13428,-0.05025,0.00313,0.00167,0.63426,0.00010,0.67843,14.89628,14.90631
-3.49200,12.25932,12.31686,0.02907,-4.01853,14.17399,0.03345,-23098.80664,51.14706,7553.13916,0.01253,-0.00178,0.00796,0.72566,0.00012,0.44706,14.89628,14.90631
-3.37578,12.11316,12.17001,1.20552,-3.88477,14.00500,1.38752,-23098.97461,51.14085,7553.14160,-0.61771,-0.00811,-0.05583,1.30313,0.00021,0.44706,14.89474,14.90631
-2.53626,12.06912,12.12576,2.56386,-2.91868,13.95407,2.95050,-23099.61328,51.13563,7553.13818,-1.31406,-0.01561,-0.11293,3.40324,0.00056,0.44706,14.89320,14.90631
-0.90365,12.29120,12.34888,4.07249,-1.03990,14.21084,4.68663,-23100.82617,51.12360,7553.09766,-2.08285,-0.01979,-0.22546,7.39152,0.00122,0.44706,14.89320,14.90631
0.73207,12.51135,12.57006,5.40197,0.84246,14.46536,6.21660,-23102.29688,51.10938,7552.97510,-2.76675,-0.02682,-0.25994,12.23750,0.00201,0.44706,14.89166,14.90631
2.91185,13.28321,13.34553,7.15985,3.35089,15.35776,8.23956,-23104.89258,51.08529,7552.68896,-3.65431,-0.03493,-0.46076,20.80466,0.00342,0.44706,14.89012,14.90631
5.10153,14.41945,14.48709,8.87880,5.87074,16.67144,10.21766,-23108.18359,51.05709,7552.19385,-4.49978,-0.03706,-0.78390,31.72502,0.00522,0.44706,14.88858,14.90631
7.23417,15.73519,15.80899,10.43757,8.32493,18.19266,12.01140,-23111.86719,51.03096,7551.45117,-5.23357,-0.03322,-1.20042,44.05427,0.00725,0.44706,14.88858,14.90631
9.45631,17.22252,17.30329,11.93187,10.88213,19.91227,13.73095,-23116.07227,51.00847,7550.33691,-5.89000,-0.02556,-1.72795,58.32740,0.00960,0.44706,14.88858,14.90477
11.60363,17.75443,17.83769,13.18128,13.35322,20.52725,15.16889,-23121.07813,50.98709,7548.94189,-6.57842,-0.05209,-1.64468,75.37983,0.01241,0.44706,14.88858,14.90323
12.73576,18.87115,18.95962,14.57577,14.65606,21.81834,16.77359,-23126.66992,50.94214,7547.59521,-7.25702,-0.04826,-1.88689,94.24734,0.01551,0.44706,14.88858,14.90169
14.29341,20.92888,21.02699,15.82997,16.44856,24.19743,18.21682,-23131.91016,50.91880,7545.89551,-7.59341,-0.01321,-2.94262,112.33707,0.01849,0.44706,14.88858,14.90169
16.55095,22.96212,23.06978,16.98466,19.04650,26.54823,19.54566,-23137.30664,50.91689,7543.39844,-7.71342,-0.00050,-4.10492,131.85262,0.02170,0.44706,14.88858,14.90016
19.00048,24.46185,24.57656,17.82709,21.86536,28.28221,20.51548,-23142.72656,50.92720,7540.12451,-7.67963,0.03768,-5.01334,152.64041,0.02512,0.44706,14.88858,14.89863
20.75137,24.55431,24.66950,18.37420,23.88025,28.38916,21.14478,-23148.63281,50.94550,7536.45508,-8.13759,0.00881,-4.80941,175.45140,0.02888,0.44706,14.88858,14.89710
21.45063,25.83442,25.95566,18.60394,24.68495,29.86924,21.40940,-23154.55859,50.96235,7532.58447,-7.55622,0.03609,-5.87398,198.69382,0.03270,0.44706,14.88858,14.89710
23.38843,28.35545,28.48862,19.23438,26.91493,32.78412,22.13605,-23159.33789,51.01731,7527.69336,-5.95836,0.10380,-7.90013,221.19437,0.03640,0.44706,14.88858,14.89556
25.70787,30.02999,30.17113,19.63581,29.58409,34.72032,22.59915,-23162.37695,51.09264,7522.49463,-4.16635,0.15070,-9.20238,240.99095,0.03966,0.44706,14.88858,14.89403
28.43001,31.48072,31.62891,20.07166,32.71667,36.39790,23.10236,-23164.62695,51.24199,7515.14795,-1.90345,0.20437,-10.14870,266.25955,0.04382,0.44706,14.88858,14.89403
29.99938,32.22416,32.37604,20.40933,34.52267,37.25768,23.49137,-23165.25391,51.37122,7509.43066,-0.47003,0.22125,-10.48872,285.14532,0.04693,0.44706,14.88858,14.89250
31.44514,32.94060,33.09610,20.88860,36.18642,38.08632,24.04307,-23165.07813,51.53543,7501.97217,0.84734,0.23267,-10.71224,309.63766,0.05096,1.00000,14.88858,14.89065
32.65228,35.05503,35.22081,22.92244,37.57557,40.53138,26.38535,-23164.11328,51.71883,7494.14355,1.78749,0.28546,-11.65558,335.52100,0.05522,1.00000,14.88858,14.89065
34.03687,37.32863,37.50545,25.18254,39.16893,43.16050,28.98897,-23162.97852,51.89147,7487.38770,2.25163,0.35352,-12.75723,357.99646,0.05892,1.00000,14.88858,14.88734
36.34464,39.87683,40.06621,27.73018,41.82467,46.10738,31.92023,-23161.26367,52.16624,7477.93750,2.61799,0.36320,-14.02271,389.50797,0.06410,1.00000,14.88519,14.88734
38.77120,42.27254,42.47388,30.11432,44.61710,48.87807,34.66781,-23159.08008,52.47235,7466.90479,3.15080,0.45137,-15.16752,426.40710,0.07018,1.00000,14.88519,14.88734
41.32237,44.74150,44.95517,32.57890,47.55293,51.73349,37.49683,-23156.05469,52.75624,7453.42871,4.12004,0.32613,-16.24509,471.72476,0.07764,1.00000,14.88180,14.88734
44.00093,46.80331,47.02767,34.63479,50.63537,54.11848,39.87436,-23152.43750,53.16145,7439.12158,4.11035,0.56108,-17.33599,520.14355,0.08560,1.00000,14.87840,14.88734
45.80761,48.66893,48.90392,36.40494,52.71446,56.27762,42.03418,-23149.17188,53.93242,7424.73877,4.08162,1.56912,-18.27508,568.53174,0.09357,1.00000,14.87499,14.88734
48.06155,51.31461,51.56432,39.14203,55.30825,59.33916,45.04666,-23145.19922,54.72304,7407.63477,4.65913,0.26453,-19.58948,626.14148,0.10305,1.00000,14.87158,14.88734
50.48645,53.61362,53.87609,41.39133,58.09877,61.99951,47.69648,-23140.95117,55.39232,7389.34814,4.67453,1.14679,-20.77189,687.73517,0.11319,1.00000,14.86817,14.88734
52.96360,55.96091,56.23716,43.75500,60.94942,64.71658,50.39959,-23136.78906,56.27410,7369.95752,4.43024,1.01673,-22.06737,752.80292,0.12390,1.00000,14.86475,14.88734
55.01233,57.46260,57.75017,45.11953,63.30706,66.45771,52.16516,-23133.33203,57.75322,7350.70752,3.68331,2.28585,-22.91346,816.97321,0.13446,1.00000,14.86475,14.88734
57.01463,59.43261,59.73458,47.22161,65.61127,68.74133,54.42083,-23130.25586,59.34792,7329.44971,3.04003,1.35058,-24.09979,887.44586,0.14605,1.00000,14.86475,14.88392
58.80666,60.81829,61.13238,48.52425,67.67350,70.34989,56.11443,-23128.13086,61.14625,7307.24658,1.71686,2.50946,-24.90044,960.63397,0.15810,1.00000,14.86475,14.88050
60.35363,62.16716,62.49498,49.94588,69.45372,71.91794,57.71615,-23127.08203,63.42836,7284.37256,0.64920,2.37953,-25.68326,1035.76465,0.17046,1.00000,14.86475,14.87707
61.87148,63.76745,64.10957,51.68793,71.20043,73.77598,59.63190,-23127.00000,65.34856,7260.72510,-0.45496,1.92136,-26.58462,1113.35535,0.18323,1.00000,14.86475,14.87364
63.44250,65.32602,65.68193,53.30825,73.00833,75.58542,61.52819,-23127.91406,67.09975,7236.28711,-1.50501,2.14053,-27.38081,1193.59399,0.19644,1.00000,14.86475,14.87020
64.98644,66.84209,67.21261,54.89527,74.78506,77.34689,63.31654,-23129.62695,69.08786,7211.18848,-2.19855,1.93299,-28.15323,1276.13135,0.21002,1.00000,14.86475,14.86676
66.59956,68.49072,68.87565,56.59175,76.64141,79.26069,65.27113,-23131.91797,70.70621,7185.31787,-2.86493,1.97622,-28.97049,1361.34204,0.22405,1.00000,14.86303,14.86504
68.22546,70.15184,70.55185,58.31100,78.51246,81.18963,67.20095,-23134.74219,72.41071,7158.74072,-3.33181,1.64203,-29.81099,1449.02954,0.23848,1.00000,14.85958,14.86504
69.82863,71.77150,72.18530,59.95211,80.35735,83.06936,69.08908,-23137.75977,73.74151,7132.90771,-3.72767,1.66033,-30.61481,1534.36108,0.25252,1.00000,14.85958,14.86504
71.27938,73.03994,73.46659,61.17472,82.02685,84.54385,70.55985,-23140.89648,75.34068,7108.04736,-4.03833,2.15133,-31.20944,1616.56934,0.26605,1.00000,14.85613,14.86504
72.75195,74.51333,74.95471,62.67859,83.72144,86.25635,72.24922,-23144.46875,77.05398,7081.06250,-4.33194,1.88040,-31.95118,1705.87573,0.28075,1.00000,14.85267,14.86504
74.22756,75.97919,76.43498,64.15685,85.41956,87.95981,73.94461,-23148.32031,78.62926,7053.44775,-4.67389,1.85589,-32.67144,1797.35205,0.29581,1.00000,14.84921,14.86504
75.69171,77.39990,77.87037,65.56215,87.10447,89.61162,75.58401,-23152.45313,80.29226,7025.23145,-4.98792,2.04791,-33.35608,1890.91260,0.31120,1.00000,14.84574,14.86504
77.11253,78.72737,79.21275,66.87317,88.73952,91.15641,77.11572,-23156.85547,82.11379,6996.45361,-5.31984,2.23375,-33.98755,1986.42725,0.32692,1.00000,14.84227,14.86504
78.44454,79.91609,80.41665,68.00554,90.27237,92.54183,78.46934,-23161.52344,84.16629,6967.17041,-5.53904,2.58205,-34.54249,2083.71362,0.34294,1.00000,14.84227,14.86156
79.63293,80.92164,81.43778,68.89445,91.63994,93.71693,79.57134,-23166.24805,86.56711,6937.44824,-5.52744,3.04709,-35.00713,2182.45117,0.35919,1.00000,14.84227,14.86156
80.65211,81.69336,82.22559,69.52323,92.81279,94.62354,80.41476,-23171.01758,89.42276,6907.39355,-5.62246,3.63831,-35.31931,2282.29077,0.37562,1.00000,14.84227,14.85808
81.35014,82.12566,82.67403,69.70248,93.61607,95.13958,80.76826,-23175.65430,92.80334,6877.13867,-5.10559,4.24941,-35.49035,2382.71289,0.39214,1.00000,14.84227,14.85460
81.58231,82.30717,82.87193,69.59103,93.88326,95.36732,80.70899,-23179.49414,96.63372,6846.78320,-3.82583,4.50604,-35.59264,2483.10205,0.40867,1.00000,14.84227,14.85112
81.93489,82.87392,83.45625,70.14413,94.28899,96.03974,81.12384,-23182.27734,100.04050,6816.22021,-2.88775,3.64020,-35.96671,2583.79419,0.42524,1.00000,14.84227,14.84764
82.71676,83.58957,84.19028,70.82668,95.18875,96.88445,81.92193,-23184.99023,103.36160,6783.53174,-3.30265,3.71284,-36.28369,2691.40820,0.44295,1.00000,14.84227,14.84415
83.31196,84.10204,84.72050,71.11056,95.87370,97.49462,82.30202,-23187.64063,106.84069,6750.59961,-2.24537,3.95462,-36.51017,2799.80908,0.46079,1.00000,14.84052,14.84241
83.90680,84.61763,85.25497,71.48975,96.55822,98.10966,82.80833,-23189.51953,110.54815,6717.48096,-2.21592,4.24897,-36.70716,2908.64160,0.47870,1.00000,14.84052,14.84241
84.44135,85.05549,85.71204,71.79714,97.17338,98.63567,83.15006,-23191.43555,114.42909,6684.19238,-1.68021,4.21249,-36.89370,3018.03833,0.49671,1.00000,14.83704,14.84241
84.84025,85.66987,86.34566,72.35136,97.63242,99.36482,83.64249,-23192.36328,117.93004,6650.68945,-0.69207,3.60604,-37.21082,3128.00146,0.51480,1.00000,14.83355,14.84241
85.55962,86.40138,87.09647,73.04182,98.46026,100.22883,84.44427,-23193.17969,121.18207,6616.86475,-1.05569,3.65553,-37.55772,3239.00757,0.53307,1.00000,14.83006,14.84241
86.28230,87.03608,87.75064,73.52499,99.29190,100.98164,85.05943,-23193.99023,124.61395,6582.76709,-0.68578,3.93577,-37.81451,3350.90967,0.55149,1.00000,14.82656,14.84241
86.94070,87.65482,88.38956,74.06781,100.04958,101.71690,85.66621,-23194.51563,128.18748,6548.44092,-0.54464,3.87163,-38.09612,3463.54126,0.57003,1.00000,14.82307,14.84241
87.60498,88.39859,89.15372,74.78911,100.81401,102.59627,86.40726,-23194.93164,131.49763,6513.81055,-0.31764,3.46897,-38.47011,3577.16528,0.58873,1.00000,14.81958,14.84241
88.34746,89.24165,90.01678,75.59354,101.66844,103.58946,87.27866,-23195.07227,134.47003,6478.82080,-0.09333,3.20159,-38.88536,3691.96265,0.60762,1.00000,14.81958,14.83891
89.16323,90.06541,90.86031,76.36543,102.60722,104.56017,88.17116,-23195.21875,137.38113,6443.46191,-0.21256,3.24077,-39.28201,3807.96973,0.62671,1.00000,14.81958,14.83541
89.98459,90.89445,91.70941,77.15572,103.55242,105.53731,89.04266,-23195.38086,140.29002,6407.75000,-0.10640,3.04065,-39.68918,3925.13574,0.64599,1.00000,14.81958,14.83190
90.85568,91.91140,92.74631,78.19336,104.55486,106.73055,90.13651,-23195.41016,142.72504,6371.60791,0.01296,2.38850,-40.22377,4043.71167,0.66551,1.00000,14.81958,14.83190
91.82622,92.84819,93.70184,79.03364,105.67173,107.83016,91.16555,-23195.37305,145.03285,6335.00781,0.09141,2.83977,-40.65549,4163.79102,0.68527,1.00000,14.81958,14.82840
92.76361,93.77111,94.64425,79.92482,106.75046,108.91466,92.15634,-23195.21484,147.46742,6298.02002,0.24584,2.61868,-41.11353,4285.14209,0.70524,1.00000,14.81958,14.82489
93.68350,94.66199,95.55432,80.76295,107.80905,109.96195,93.12403,-23194.94141,149.86395,6260.63184,0.35415,2.65546,-41.54388,4407.81152,0.72543,1.00000,14.81958,14.82137
94.58952,95.58404,96.49569,81.65366,108.85168,111.04527,94.12331,-23194.56250,152.17433,6222.84229,0.48380,2.47944,-42.00098,4531.79883,0.74584,1.00000,14.81782,14.81961
95.50780,96.50694,97.43763,82.53423,109.90842,112.12923,95.12854,-23194.06641,154.38530,6184.64063,0.60513,2.42924,-42.45251,4657.14355,0.76647,1.00000,14.81430,14.81961
96.42426,97.41641,98.36605,83.40654,110.96307,113.19764,96.11776,-23193.46289,156.57103,6146.03662,0.72756,2.32247,-42.89950,4783.81055,0.78731,1.00000,14.81077,14.81961
97.34458,98.34968,99.31793,84.30538,112.02215,114.29304,97.13888,-23192.74609,158.60170,6107.01709,0.85382,2.22013,-43.35977,4911.84912,0.80839,1.00000,14.80724,14.81961
98.26671,99.24444,100.23100,85.15154,113.08331,115.34378,98.11508,-23191.91797,160.61603,6067.59326,0.97575,2.25349,-43.79257,5041.22168,0.82968,1.00000,14.80371,14.81961
99.15434,100.06991,101.07465,85.92252,114.10478,116.31464,99.01222,-23190.97852,162.71304,6027.79736,1.09076,2.35083,-44.18649,5171.82129,0.85117,1.00000,14.80017,14.81961
100.00376,100.96317,101.98631,86.83156,115.08228,117.36375,99.99961,-23190.00391,164.66109,5987.62402,1.03606,1.78413,-44.65619,5303.66260,0.87287,1.00000,14.80017,14.81961
100.95335,102.22155,103.26197,88.14949,116.17505,118.83176,101.44227,-23189.09961,165.57866,5946.92773,0.96420,0.30362,-45.33748,5437.21240,0.89485,1.00000,14.79664,14.81961
102.19435,103.75698,104.81174,89.72427,117.60316,120.61520,103.26031,-23188.30469,165.34404,5905.54443,0.72176,-0.50951,-46.15303,5573.00977,0.91720,1.00000,14.79664,14.81607
103.59167,104.93808,106.00517,90.96278,119.21117,121.98857,104.70451,-23188.04297,165.48796,5863.46729,-0.15164,1.09373,-46.79408,5711.06396,0.93992,1.00000,14.79664,14.81252
104.76483,105.82327,106.90550,91.84903,120.56122,123.02467,105.74995,-23188.42188,166.73172,5820.92822,-0.65499,1.52257,-47.24539,5850.63330,0.96289,1.00000,14.79664,14.80896
105.70552,106.63409,107.73210,92.69486,121.64375,123.97590,106.71755,-23189.33008,168.20958,5778.00537,-1.33168,1.44200,-47.66661,5991.48877,0.98607,1.00000,14.79664,14.80539
106.60249,107.76613,108.87891,93.90581,122.67596,125.29562,108.06519,-23190.77539,168.80067,5734.62061,-1.83577,-0.07936,-48.27450,6133.90625,1.00951,1.00000,14.79664,14.80182
107.71260,109.01862,110.14300,95.20303,123.95345,126.75031,109.55915,-23192.61914,168.57672,5690.64648,-2.16569,-0.21680,-48.92894,6278.30420,1.03328,1.00000,14.79664,14.79825
108.90478,110.15321,111.28860,96.34116,125.32539,128.06863,110.86743,-23194.56055,168.48676,5646.10938,-2.04341,0.03417,-49.52002,6424.56250,1.05735,1.00000,14.79484,14.79645
110.02684,111.14054,112.28696,97.27389,126.61663,129.21754,111.94408,-23196.10742,168.68886,5601.07568,-1.33404,0.42263,-50.02391,6572.39844,1.08168,1.00000,14.79125,14.79645
111.01898,111.96809,113.12603,98.01630,127.75837,130.18312,112.81161,-23196.90039,169.28789,5555.63428,-0.40510,0.90427,-50.42157,6721.51025,1.10622,1.00000,14.79125,14.79645
111.85429,112.62071,113.79099,98.55424,128.71962,130.94833,113.45870,-23196.75586,170.36118,5509.89014,0.68881,1.46669,-50.69469,6871.59277,1.13092,1.00000,14.78765,14.79645
112.53844,113.34132,114.52494,99.24549,129.50693,131.79295,114.21188,-23195.74414,171.43857,5463.89990,1.44908,0.36617,-51.03540,7022.51514,1.15576,1.00000,14.78405,14.79645
113.34352,114.55742,115.74618,100.21336,130.43340,133.19833,115.69680,-23194.20508,170.01488,5417.47510,1.86299,-4.10100,-51.52459,7174.91260,1.18084,0.30196,14.78044,14.79645
114.17090,114.92781,116.08500,99.72678,131.38553,133.58824,116.48018,-23192.61328,163.59462,5373.62207,1.81937,-8.85702,-51.28024,7318.88037,1.20453,0.00000,14.77940,14.79645
114.68260,114.79670,115.90890,99.89677,131.97438,133.38557,116.54524,-23191.13672,155.80823,5327.17725,1.35628,-8.51842,-51.38139,7471.33496,1.22962,0.00000,14.77833,14.79645
114.72070,114.50211,115.56941,100.07499,132.01822,132.99492,116.42096,-23190.36914,148.35698,5280.66064,0.29583,-7.58277,-51.48862,7623.97363,1.25474,0.00000,14.77726,14.79645
114.38658,113.60528,114.63210,99.89800,131.63373,131.91628,115.50101,-23190.61328,142.66269,5234.09766,-0.69388,-4.94938,-51.39112,7776.74316,1.27989,0.00000,14.77619,14.79645
113.48125,112.38043,113.37417,98.85041,130.59189,130.46866,114.14630,-23191.21094,138.69873,5187.84961,-0.54744,-4.18205,-50.85335,7928.48828,1.30486,0.00000,14.77511,14.79645
112.36668,111.09042,112.05277,97.65485,129.30927,128.94803,112.66998,-23191.46094,135.06097,5142.13184,0.17565,-3.57519,-50.24063,8078.48535,1.32955,0.00000,14.77404,14.79645
111.05989,109.44093,110.37496,96.08617,127.80544,127.01724,110.64748,-23190.46680,132.51544,5097.05127,2.11888,-1.75516,-49.38726,8226.43457,1.35390,0.00000,14.77404,14.79645
109.16376,106.39363,107.30058,92.93156,125.62342,123.47932,106.97881,-23187.43945,132.43042,5050.68018,3.97246,1.27652,-47.64143,8378.90625,1.37899,0.00000,14.77350,14.79592
106.11252,102.50352,103.38323,88.94415,122.11211,118.97131,102.37492,-23183.18750,133.66003,5006.22949,4.81808,0.95387,-45.50137,8525.41113,1.40310,0.00000,14.77350,14.79484
102.14574,98.00858,98.85270,84.42472,117.54723,113.75767,97.15427,-23178.64453,134.31331,4963.92773,4.32289,0.08157,-43.21609,8664.99805,1.42608,0.00000,14.77350,14.79375
98.07063,93.93785,94.74538,80.46861,112.85767,109.03104,92.60587,-23175.82227,134.00829,4925.69092,1.66413,-0.35782,-41.36352,8790.80762,1.44678,0.00000,14.77350,14.79266
93.58849,88.69373,89.45604,75.55584,107.69971,102.94418,86.95256,-23176.32031,134.02263,4887.39111,-2.75039,0.41320,-38.77164,8916.54199,1.46747,0.00000,14.77350,14.79157
88.44231,82.95235,83.66947,70.23490,101.77760,96.28512,80.93849,-23181.15234,135.10069,4851.95264,-6.96020,1.91814,-35.45514,9033.96289,1.48680,0.00000,14.77350,14.79047
82.78683,77.70768,78.38588,65.09701,95.26939,90.20486,74.97202,-23188.27930,136.77954,4819.55029,-7.42096,1.33507,-32.65631,9142.81152,1.50471,0.00000,14.77350,14.78936
77.57670,72.17898,72.81606,59.00130,89.27367,83.79523,68.24178,-23194.61719,138.84650,4789.71387,-5.42090,3.06335,-29.86461,9242.89355,1.52118,0.00000,14.77350,14.78826
72.30099,67.73741,68.34293,54.11036,83.20249,78.64764,62.32885,-23198.00000,141.12358,4762.29688,-1.56122,1.23501,-27.79229,9333.58594,1.53611,0.36471,14.77350,14.78685
68.25317,65.79090,66.37798,51.66271,78.54435,76.38641,59.71531,-23197.68750,140.72525,4737.81006,1.73856,-2.47626,-26.52311,9413.98438,1.54934,0.36471,14.77350,14.78544
66.32659,65.86363,66.43922,51.05101,76.32728,76.45689,59.96434,-23195.42578,136.90099,4715.41162,3.71337,-5.33815,-26.00579,9487.86523,1.56150,0.36471,14.77350,14.78403
65.84978,65.69841,66.25874,50.99180,75.77857,76.24920,59.80571,-23191.46289,132.61719,4693.33496,5.07386,-5.12480,-25.74454,9561.46387,1.57361,0.36471,14.77350,14.78262
65.77669,66.46037,67.01020,51.23993,75.69447,77.11397,61.09890,-23187.35742,127.34293,4671.27197,4.20663,-7.11979,-26.03168,9635.09277,1.58573,0.33333,14.77350,14.78262
66.31488,66.94825,67.48225,52.32525,76.31380,77.65718,62.01813,-23185.04297,121.27959,4648.64307,1.03462,-6.61372,-26.90429,9709.77051,1.59802,0.33333,14.77350,14.78126
66.63063,66.38911,66.90292,52.86915,76.67716,76.99052,61.73603,-23185.65430,116.47056,4625.49805,-2.13895,-4.67123,-27.11605,9785.77734,1.61053,0.25490,14.77350,14.77989
65.88181,64.67927,65.17021,51.77583,75.81543,74.99654,59.82018,-23188.06836,113.47021,4602.56494,-2.87161,-2.37255,-26.48132,9861.43945,1.62298,0.25490,14.77350,14.77863
63.82845,62.16624,62.63377,49.06694,73.45247,72.07766,56.52090,-23189.67383,112.07413,4579.16260,-0.43163,-1.10465,-25.23925,9938.42383,1.63565,0.25490,14.77350,14.77736
62.01828,60.22997,60.67990,46.86432,71.36936,69.82918,54.02354,-23188.92578,111.04289,4558.14600,1.94381,-1.39257,-24.03202,10007.44629,1.64701,0.25490,14.77350,14.77608
60.37562,58.62115,59.05524,45.13832,69.47903,67.95956,52.08097,-23186.58398,109.72162,4538.08691,3.38815,-1.65720,-22.97473,10073.71582,1.65792,0.25490,14.77350,14.77480
58.75887,57.16399,57.58304,43.62977,67.61851,66.26538,50.38031,-23183.17188,108.20984,4518.89795,4.52787,-1.82780,-21.98633,10137.66895,1.66845,0.25490,14.77350,14.77480
57.30511,55.79391,56.19899,42.29189,65.94555,64.67265,48.82491,-23179.40820,106.78848,4501.54053,4.57834,-1.71325,-21.27223,10195.94043,1.67804,0.25490,14.77350,14.77351
55.87765,54.57701,54.96941,41.11896,64.30286,63.25766,47.52621,-23176.19922,105.35116,4484.61133,3.27860,-1.95588,-20.90030,10252.47852,1.68734,0.25490,14.77220,14.77351
54.80201,53.95499,54.33788,40.46190,63.06503,62.53092,47.01896,-23174.11719,103.42146,4467.89258,2.02758,-2.89918,-20.71948,10307.76172,1.69644,0.25490,14.77091,14.77351
54.06657,53.54200,53.91533,40.15662,62.21870,62.04465,46.76476,-23172.92969,100.87711,4451.26758,0.90628,-3.18881,-20.64120,10362.45215,1.70544,0.23922,14.76963,14.77351
53.45120,52.88103,53.24346,39.80811,61.51055,61.27148,46.27208,-23172.80078,98.44372,4434.73193,-0.59747,-2.90289,-20.47205,10416.71680,1.71437,0.21961,14.76963,14.77351
52.82390,52.11625,52.46755,39.39698,60.78866,60.37859,45.80321,-23174.03320,96.12098,4418.39941,-2.39122,-2.90804,-20.12676,10470.47266,1.72322,0.09412,14.76836,14.77351
51.79312,51.23672,51.57626,38.73825,59.60246,59.35290,45.06688,-23176.41211,93.76727,4402.41113,-3.27923,-2.95425,-19.65728,10523.51074,1.73195,0.09020,14.76719,14.77351
50.20457,50.54151,50.87041,37.98066,57.77439,58.54062,44.31369,-23179.00977,91.29586,4386.77588,-3.09812,-3.26382,-19.29209,10575.51172,1.74051,0.23529,14.76589,14.77351
49.47750,50.68368,51.00644,37.96811,56.93769,58.69716,44.56734,-23181.40625,88.40171,4371.28223,-2.90361,-3.92459,-19.31600,10626.94727,1.74897,0.23529,14.76459,14.77351
49.44175,46.96714,47.26130,34.44289,56.89655,54.38733,39.63635,-23183.11719,86.32549,4357.03711,-0.51465,-0.04159,-17.71151,10674.06641,1.75673,0.21961,14.76459,14.77351
47.42555,45.49915,45.78351,32.68553,54.57635,52.68673,37.61763,-23182.63672,86.06492,4342.28418,1.63862,-0.22146,-16.73509,10722.52539,1.76470,0.00000,14.76331,14.77351
45.58256,44.10646,44.38175,31.15364,52.45547,51.07361,35.85408,-23180.47656,85.91045,4330.12402,4.04330,-0.18572,-15.50873,10763.08691,1.77138,0.00000,14.76219,14.77351
44.23414,42.92042,43.18803,29.96891,50.90374,49.69990,34.48993,-23176.78125,85.79895,4318.06006,4.58296,-0.15246,-14.72072,10804.48633,1.77819,0.00000,14.76104,14.77351
43.13277,41.84734,42.10798,28.88855,49.63631,48.45700,33.24652,-23173.45508,85.68081,4306.36084,3.72181,-0.14623,-14.38823,10844.39551,1.78476,0.00000,14.75988,14.77351
42.06844,40.82833,41.08236,27.87289,48.41149,47.27673,32.07783,-23170.69531,85.55867,4294.95947,3.24089,-0.14952,-13.96825,10882.88281,1.79109,0.00000,14.75988,14.77351
40.98400,39.79355,40.04085,26.83592,47.16354,46.07819,30.88504,-23168.00000,85.42661,4283.25098,3.08817,-0.16633,-13.45603,10922.30176,1.79758,0.00000,14.75871,14.77351
39.94552,38.64894,38.88894,25.72379,45.96849,44.75259,29.60305,-23165.82813,85.34059,4272.61719,2.22609,-0.07001,-13.04499,10957.91406,1.80344,0.00000,14.75754,14.77351
38.77193,37.56232,37.79541,24.69802,44.61795,43.49418,28.42286,-23164.35938,85.26772,4261.64795,1.38664,-0.08675,-12.62997,10994.22949,1.80942,0.00000,14.75637,14.77351
37.58363,35.18354,35.40172,22.29133,43.25047,40.73957,25.65314,-23163.22461,85.19785,4251.23584,1.35502,-0.07427,-11.38740,11028.59180,1.81507,0.00000,14.75520,14.77351
35.01319,30.72301,30.91343,17.79416,40.29246,35.57454,20.47790,-23162.15234,85.13438,4242.50732,1.10638,-0.06803,-9.08708,11057.44434,1.81982,0.00000,14.75402,14.77351
30.74386,25.43457,25.59213,12.49188,35.37940,29.45090,14.37592,-23161.38477,85.08243,4235.52344,0.59348,-0.04802,-6.39897,11080.49707,1.82362,0.00000,14.75402,14.77351
25.63924,19.95982,20.08342,6.99791,29.50511,23.11159,8.05351,-23161.06055,85.04176,4231.02295,0.16699,-0.03559,-3.59619,11095.29980,1.82605,0.00000,14.75285,14.77351
20.15117,15.60049,15.69708,2.64021,23.18955,18.06388,3.03846,-23161.00195,85.01652,4229.02441,-0.12097,-0.02781,-1.35263,11101.86328,1.82713,0.00000,14.75167,14.77351
15.77362,12.74978,12.82871,0.37893,18.15195,14.76302,0.43607,-23161.00586,85.01175,4228.63135,-0.00825,-0.01720,0.19400,11103.39941,1.82738,0.00000,14.75107,14.77292
13.39195,13.19668,13.27838,0.08856,15.41119,15.28049,0.10192,-23161.01367,85.00809,4228.67090,-0.00407,0.00584,-0.04500,11103.63574,1.82742,0.00000,14.75107,14.77173
12.83269,13.09638,13.17746,0.01966,14.76760,15.16435,0.02262,-23161.01563,85.00813,4228.66992,0.00024,-0.00134,0.01002,11103.68359,1.82743,0.00000,14.75107,14.77055
12.70784,13.29633,13.37865,0.18521,14.62392,15.39588,0.21313,-23161.01172,85.01005,4228.64111,0.01042,0.00639,-0.09449,11103.78516,1.82745,1.00000,14.75107,14.76846
12.80069,13.14947,13.23089,0.04082,14.73077,15.22583,0.04698,-23161.00391,85.01433,4228.55957,0.01476,0.00395,-0.01441,11104.05469,1.82749,0.00000,14.75107,14.76741
12.67498,12.86720,12.94686,0.25652,14.58611,14.89898,0.29521,-23161.00781,85.01015,4228.64404,-0.00604,-0.01019,0.13144,11104.33398,1.82754,0.00000,14.75107,14.76741
12.59833,13.13319,13.21450,0.02322,14.49790,15.20698,0.02672,-23161.01367,85.00920,4228.66064,-0.00444,0.00128,-0.01101,11104.43652,1.82756,0.00000,14.75107,14.76630
12.63678,13.10701,13.18816,0.00893,14.54215,15.17667,0.01028,-23161.01367,85.00858,4228.66602,0.00084,-0.00060,0.00448,11104.45801,1.82756,0.00000,14.75107,14.76514
12.65186,13.11332,13.19451,0.00231,14.55950,15.18397,0.00266,-23161.01367,85.00852,4228.66602,0.00059,-0.00012,0.00102,11104.45801,1.82756,0.00000,14.75107,14.76396
12.65451,13.11434,13.19553,0.00078,14.56255,15.18514,0.00089,-23161.01367,85.00839,4228.66699,0.00017,-0.00003,0.00036,11104.45801,1.82756,0.00000,14.75107,14.76278
12.65369,13.11407,13.19526,0.00094,14.56161,15.18483,0.00108,-23161.01367,85.00836,4228.66748,0.00006,-0.00006,0.00048,11104.45801,1.82756,0.00000,14.75107,14.76278
12.65333,13.11470,13.19589,0.00025,14.56119,15.18556,0.00029,-23161.01367,85.00832,4228.66748,0.00003,0.00002,0.00013,11104.45801,1.82756,0.00000,14.75107,14.76160
12.65323,13.11463,13.19582,0.00031,14.56108,15.18548,0.00035,-23161.01367,85.00829,4228.66797,-0.00002,-0.00005,0.00015,11104.45801,1.82756,0.00000,14.75107,14.76041
12.65322,13.11480,13.19599,0.00015,14.56106,15.18568,0.00017,-23161.01367,85.00828,4228.66797,0.00002,-0.00001,0.00007,11104.45801,1.82756,0.00000,14.75107,14.75923
12.65322,13.11477,13.19596,0.00017,14.56106,15.18564,0.00019,-23161.01367,85.00828,4228.66797,0.00001,-0.00001,0.00008,11104.45801,1.82756,0.00000,14.75107,14.75923
12.65322,13.11488,13.19607,0.00004,14.56106,15.18577,0.00005,-23161.01367,85.00827,4228.66797,-0.00001,0.00000,0.00002,11104.45801,1.82756,0.00000,14.75107,14.75805